{"cameraMode":{"drawMode":0,"name":"Shaded","section":"Shading Mode"},"sceneLighting":true,"audioPlay":false,"sceneViewState":{"showFog":true,"showMaterialUpdate":true,"showSkybox":true,"showFlares":true,"showImageEffects":true,"showParticleSystems":true},"in2DMode":false,"pivot":{"x":-0.5175275802612305,"y":3.8980488777160646,"z":3.2625174522399904},"rotation":{"x":0.04886724799871445,"y":0.7068876028060913,"z":-0.04907235875725746,"w":0.7039274573326111},"size":11.007383346557618,"orthographic":false}